Word,generic_outcome,exception_outcome,p_generic_outcome,p_exception_outcome,p_joint_outcome,id
trashcan,empty,full,79.49301600456238,3.706266358494759,294.622290952995,8259
trashcan,empty,used,79.49301600456238,0.004510275539360009,0.35853540563533143,8259
trashcan,empty,overflowing,79.49301600456238,2.4798578124318727e-05,0.0019713137677268592,8259
clock,ticking,stopped,56.54849410057068,0.5148977972567081,29.1166950505678,1640
suitcase,empty,full,52.371305227279656,0.5124870222061872,26.83961426497988,7689
screen,blank,lively,45.870524644851685,0.0014020423805050086,0.06431241956808152,6741
screen,blank,colourful,45.870524644851685,0.00030312301078083687,0.01390441153644402,6741
screen,blank,flashy,45.870524644851685,0.00018671501038625138,0.008564715485486282,6741
towel rack,empty,full,39.08245861530304,3.431689739227295,134.11887221391083,8210
towel rack,empty,loaded,39.08245861530304,0.14048172160983086,5.490371071022738,8210
towel rack,empty,filled,39.08245861530304,0.09881644509732723,3.8619896260276567,8210
pomegranate,edible,stale,37.866035103797905,0.03330881299916655,1.2612726822922804,5912
pomegranate,edible,rotten,37.866035103797905,0.0206262557185255,0.7810345230975988,5912
pomegranate,edible,old,37.866035103797905,0.013133767060935496,0.4973236845744881,5912
shutter,closed,open,35.57994961738587,15.764644742012026,560.905265656775,6977
shutter,closed,ajar,35.57994961738587,0.00434324101661332,0.15453229654726572,6977
container,empty,full,32.360675930976875,1.0769165121018889,34.84974625284716,1872
container,empty,packed,32.360675930976875,0.052897725254297256,1.7118061444401649,1872
container,empty,overflowing,32.360675930976875,0.004813860141439363,0.15577976801416574,1872
gate,closed,open,30.396264791488647,6.399458646774293,194.51963954953303,3178
gate,closed,ajar,30.396264791488647,0.00407537845603656,0.12387628267521546,3178
space shuttle,destroyed,ready,28.82986068725586,1.0616508312523365,30.60724556351424,7324
space shuttle,destroyed,safe,28.82986068725586,0.1578834024257958,4.5517564967656465,7324
space shuttle,destroyed,operational,28.82986068725586,0.13401914620772004,3.863753314593543,7324
flashlight,on,off,28.00377905368805,6.333982944488525,177.37545890728512,2895
flashlight,on,dead,28.00377905368805,0.8225318044424057,23.033998916236477,2895
flashlight,on,broken,28.00377905368805,0.1795460470020771,5.027967830209256,2895
carousel,closed,open,24.925188720226288,6.253949552774428,155.88087284967742,1250
carousel,closed,filled,24.925188720226288,0.06409240304492414,1.5975152414275402,1250
carousel,closed,busy,24.925188720226288,0.008598122803959996,0.2143098335283841,1250
skin,smooth,rough,24.869875609874725,1.0304885916411877,25.62812309151133,7061
skin,smooth,uneven,24.869875609874725,0.06606664974242449,1.6430693610552591,7061
skin,smooth,prickly,24.869875609874725,0.0004991984951630002,0.012415004479340465,7061
ski lift,closed,open,24.526822566986084,7.656354457139969,187.7860472802251,7047
ski lift,closed,operating,24.526822566986084,0.04030285053886473,0.9885008641104948,7047
ski lift,closed,running,24.526822566986084,0.01883082295535133,0.4618602534162306,7047
shopping basket,empty,full,24.323441088199612,1.3179753907024858,32.05769677144878,6906
shopping basket,empty,filled,24.323441088199612,0.30611129477620125,7.445680044921437,6906
shopping basket,empty,stuffed,24.323441088199612,0.043067149817943566,1.047541281433417,6906
pistachio,edible,rotten,23.92999529838562,0.06004186579957605,1.4368015662901552,5739
pistachio,edible,uneditable ,23.92999529838562,0.011974653898505494,0.28655341149103153,5739
pistachio,edible,spoiled,23.92999529838562,0.007878179167164491,0.18852479043008583,5739
stool,empty,full,21.245178580284122,0.9037315845489502,19.199938902385586,7584
stool,empty,used,21.245178580284122,0.6074800621718168,12.90602240480235,7584
stool,empty,covered,21.245178580284122,0.4073588643223047,8.654411818789095,7584
roller coaster,closed,open,19.294698536396027,3.5552967339754105,68.59837868948892,6429
weed,poisonous,non-toxic,19.178794324398037,0.0036589979572454467,0.07017516925540299,8754
coffin,empty,occupied,18.299344182014465,0.08796501788310708,1.609702138220034,1790
veil,closed,open,17.62685775756836,3.4081574529409413,60.07510663838645,8491
slot,empty,full,16.94791167974472,0.3935045097023249,6.669079676016252,7122
slot,empty,overflowing,16.94791167974472,0.03481090534478426,0.5899721492753571,7122
slot,empty,packed,16.94791167974472,0.01583854464115575,0.2684302557140017,7122
headlight,on,inoperable,15.825235843658447,0.0004743093995784875,0.007506058111193597,3685
headlight,on,unusable,15.825235843658447,0.0004743093995784875,0.007506058111193597,3685
teepee,empty,full,15.272949635982512,2.296714298427105,35.07760180811808,7922
teepee,empty,occupied,15.272949635982512,0.4993471316993237,7.626503593316097,7922
teepee,empty,crowded,15.272949635982512,0.08256678702309728,1.261038379808659,7922
mussel,edible,inedible,14.744839072227476,0.0019540124412742443,0.028811598991719076,5048
mussel,edible,indigestible,14.744839072227476,0.0019540124412742443,0.028811598991719076,5048
mussel,edible,unpalatable,14.744839072227476,0.0019540124412742443,0.028811598991719076,5048
honey,sweet,spicy,14.491377770900725,0.07580522797070444,1.098522195532728,3786
honey,sweet,sour,14.491377770900725,0.037445369525812566,0.5426349955695237,3786
honey,sweet,spoiled,14.491377770900725,0.012388944742269814,0.1795328784430462,3786
gargoyle,female,male,14.364683628082275,10.466328263282776,150.34549424971289,3151
wine cooler,open,closed,13.898472487926485,3.427838906645775,47.6417247370603,8870
wine cooler,open,sealed,13.898472487926485,0.12175161391496656,1.69216145635781,8870
wine cooler,open,shut,13.898472487926485,0.10435327421873808,1.4503511107541793,8870
owl,female,male,13.888223469257355,7.705024629831313,107.0091038952292,5278
eye,open,shut,13.185021281242369,0.6659939419478178,8.781144297760472,2664
wheelchair,available,occupied,12.911802530288696,0.15135392313823104,1.9542519677453325,8792
donkey,dead,alive,12.101701647043226,0.6823023781180382,8.257019813052572,2366
donkey,dead,running,12.101701647043226,0.05176396225579083,0.6264320272883873,2366
donkey,dead,kicking,12.101701647043226,0.003020663643837907,0.03655517019379679,2366
soup,cold,hot,11.802538484334946,10.757848620414734,126.9699223510945,7307
soup,cold,warm,11.802538484334946,1.4945803210139277,17.63984175669656,7307
soup,cold,fresh,11.802538484334946,0.2344057429581881,2.7665828022131405,7307
vending machine,open,shut,11.490733176469805,0.6469388958066702,7.433802233194447,8497
vending machine,open,close,11.490733176469805,0.1429388765245676,1.6424724906881698,8497
plastic film,thin,thick,11.486905813217163,1.1102587915956974,12.75343816735608,5792
plastic film,thin,fat,11.486905813217163,0.02709442924242467,0.31123115677060903,5792
plastic film,thin,substantial,11.486905813217163,0.002887531991291325,0.033168808016614856,5792
spider,male,female,11.312618106603622,11.110880225896835,125.69314482378469,7371
cheesecake,delicious,disgusting,11.080900579690931,0.2421968616545201,2.683759344706896,1422
cheesecake,delicious,terrible,11.080900579690931,0.040440334123559296,0.4481153218326432,1422
cheesecake,delicious,inedible,11.080900579690931,0.007491157157346606,0.08300876768739789,1422
medal,gold,silver,10.64569130539894,8.189867436885834,87.18680056522541,4799
medal,gold,bronze,10.64569130539894,4.861478880047797,51.75380344470541,4799
medal,gold,wooden,10.64569130539894,0.32316558063030243,3.4403210119202106,4799
music box,empty,full,10.571977496147156,0.9180360473692416,9.705456433439506,5040
music box,empty,occupied,10.571977496147156,0.2346171298995614,2.4803670175087973,5040
music box,empty,filled,10.571977496147156,0.09650980355218053,1.0202994713112354,5040
milk,cold,hot,10.117663443088533,2.537502534687519,25.673596631952403,4835
milk,cold,warm,10.117663443088533,2.155173569917679,21.80532084186671,4835
cash machine,open,offline,9.887515753507612,0.0010076155376737006,0.009962814502227758,1267
toad,female,masculine,9.595237672328947,0.006974046118557453,0.06691763004534194,8066
toad,female,virile,9.595237672328947,0.006846457836218178,0.0656933901520924,8066
coffee,hot,lukewarm,9.492823481559752,0.00015177424756984692,0.001440766141227106,1738
toaster,empty,full,9.470752626657486,1.229608617722988,11.645319046060669,8074
music box,open,closed,9.192901849746702,7.568216323852539,69.5738698428272,5041
dog,dead,alive,9.010810405015944,0.9329182095825672,8.40634910993544,2330
dog,dead,barking,9.010810405015944,0.3925247583538294,3.5369661768010547,2330
dog,dead,breathing,9.010810405015944,0.16267216997221112,1.4658080817921222,2330
train set,complete,incomplete,8.867022395133972,2.921309135854244,25.90331353072905,8242
train set,complete,unfinished,8.867022395133972,0.09106596116907896,0.8074839171206238,8242
pizza,good,bad,8.72318297624588,0.6221030838787556,5.426719030761223,5750
pizza,good,nasty,8.72318297624588,0.01694971724646166,0.14785548493651554,5750
pizza,good,unacceptable,8.72318297624588,0.0011676135727611836,0.010185306840743986,5750
turf,grass,sand,8.687220513820646,0.18802426056936386,1.6334082135141361,8400
turf,grass,dirt,8.687220513820646,0.07169654127210379,0.6228436641090086,8400
turf,grass,mud,8.687220513820646,0.005041828990215436,0.043799480230975164,8400
bookshelf,empty,full,8.682960271835327,1.868709921836853,16.225934010893894,731
bookshelf,empty,stuffed,8.682960271835327,0.060212938115000725,0.5228265495030304,731
bookshelf,empty,overflowing,8.682960271835327,0.0013355218470678665,0.01159628314025842,731
file,empty,full,8.306939154863358,0.5572663620114326,4.629177762281028,2752
file,empty,filled,8.306939154863358,0.04688772314693779,0.3894934632916905,2752
file,empty,bursting,8.306939154863358,0.0005296420567901805,0.004399704339612712,2752
thermos,empty,full,8.011225610971449,1.31751149892807,10.554881862961938,7971
thermos,empty,filled,8.011225610971449,0.4445410333573818,3.5613185115603705,7971
butterfly,migratory,stationary,7.82969519495964,0.15085850609466436,1.181176120288183,1056
butterfly,migratory,immobile,7.82969519495964,0.007121716771507636,0.05576087158573681,1056
butterfly,migratory,permanent,7.82969519495964,0.005925613368162885,0.04639574651589355,1056
seafood,good,horrible,7.572127133607862,0.019301944121252745,0.14615677481192066,6754
seafood,good,terrible,7.572127133607862,0.01919452188303694,0.1453433599671739,6754
seafood,good,awful,7.572127133607862,0.007740993169136345,0.058615784417090436,6754
whistle,loud,soft,7.470372319221497,0.14447483699768782,1.079280823131565,8806
whistle,loud,ineffective,7.470372319221497,0.011257454025326295,0.08409737293570617,8806
whistle,loud,unheard,7.470372319221497,0.009102289914153516,0.06799749461622144,8806
cobra,dead,alive,7.464524358510972,0.8857728913426399,6.6118733235358285,1709
cobra,dead,living,7.464524358510972,0.012810046609956771,0.09562090495368322,1709
peppermint,sweet,spicy,7.058379054069519,0.1485877437517047,1.0487886181884813,5546
peppermint,sweet,sour,7.058379054069519,0.1331545296125114,0.9398551427714299,5546
peppermint,sweet,rotten,7.058379054069519,0.026930615422315896,0.19008649181007609,5546
shower,warm,freezing,7.0543721318244925,0.2611961448565125,1.8425748052157749,6941
shower,warm,frigid,7.0543721318244925,0.00014189541843734332,0.0010009830854579701,6941
game,free,expensive,7.047668099403381,0.14688916271552446,1.0352260662182744,3126
game,free,overpriced,7.047668099403381,0.016447486996185038,0.11591642941836523,3126
game,free,costly,7.047668099403381,0.009402375144418327,0.06626481936394031,3126
acorn,edible,rotten,7.026652246713637,0.013144305557943879,0.09236046418021691,17
acorn,edible,stale,7.026652246713637,0.006391731585608795,0.04491247510640856,17
acorn,edible,spoiled,7.026652246713637,0.0017311767805949785,0.012164377214826187,17
awning,closed,open,6.9537706673145285,5.364476889371872,37.30334203880081,229
mustard,sweet,spicy,6.850171834230423,1.2495569884777071,8.559680087735778,5062
mustard,sweet,sour,6.850171834230423,0.2786522265523672,1.9088156338746207,5062
mustard,sweet,tangy,6.850171834230423,0.01551416062284261,0.10627466613032316,5062
outlet,open,blocked,6.749377399682999,0.7296133320778608,4.924435734033721,5266
outlet,open,occupied,6.749377399682999,0.0886088761035353,0.598054745784512,5266
outlet,open,broken,6.749377399682999,0.08455203496851027,0.5706735939136698,5266
air conditioner,used,new,6.648051738739014,0.5893999245017767,3.91836119289668,27
air conditioner,used,unused,6.648051738739014,0.33691071439534426,2.2397998606357716,27
air conditioner,used,fresh,6.648051738739014,0.030657454044558108,0.20381234066623594,27
spaghetti,good,bad,6.632772833108902,1.2254217639565468,8.127944185071373,7337
spaghetti,good,disgusting,6.632772833108902,0.7170485332608223,4.756020031432967,7337
spaghetti,good,rotten,6.632772833108902,0.23942855186760426,1.588075194298051,7337
gum,edible,inedible,6.560021638870237,0.004071079092682339,0.026706366941548355,3492
hot tub,hot,cold,6.5483324229717255,1.5420902520418167,10.098119596594069,3871
cup,empty,full,6.532125920057298,0.6769075989723206,4.421645672730846,2166
cup,empty,sloshing,6.532125920057298,0.016134689212776717,0.10539382161884767,2166
cup,empty,steaming,6.532125920057298,0.0019583681932999752,0.01279230763647055,2166
rice,dry,wet,6.305524706840515,0.32616714015603065,2.0566549608133644,6331
rice,dry,mouldy,6.305524706840515,0.017392809968441725,0.1096707929773913,6331
rice,dry,slimy,6.305524706840515,0.017392809968441725,0.1096707929773913,6331
bird,nocturnal,diurnal,6.1770908534526825,0.004375828939373605,0.02702989291767825,571
siren,sounding,silent,6.119024008512497,2.3994388058781624,14.682223660125032,7021
siren,sounding,broken,6.119024008512497,0.4338798113167286,2.6549209822559345,7021
siren,sounding,unheard,6.119024008512497,0.00031708011647424433,0.00194022084532784,7021
wooden leg,removed,attached,6.088675558567048,0.1993321580812335,1.2136688389456296,8933
wooden leg,removed,placed,6.088675558567048,0.10282977018505336,0.626097108418801,8933
wooden leg,removed,remains,6.088675558567048,0.00320465442200657,0.019512101052925213,8933
generator,operational,broken,6.060488522052765,0.8355684578418732,5.063953048140002,3228
knee,bent,straight,5.9888951480388615,0.1136947888880968,0.6809061695292256,4249
knee,bent,parallel,5.9888951480388615,0.016150958254002038,0.09672639552357101,4249
bumper,missing,there,5.82842193543911,0.06182544748298824,0.36034479427818733,1009
nose,short,long,5.771750584244728,2.316296473145485,13.369085522161456,5162
nose,short,obvious,5.771750584244728,0.0032424846722278744,0.01871481280133581,5162
nose,short,pointy,5.771750584244728,0.0009547312401991804,0.0055104705934163134,5162
dresser,open,closed,5.669589713215827,3.0459191650152206,17.269111965257235,2453
dresser,open,shut,5.669589713215827,0.2308274852111936,1.3086971356808617,2453
dresser,open,sealed,5.669589713215827,0.029412627918645736,0.1667575326861985,2453
skunk,dead,alive,5.609793588519096,0.8813378401100636,4.944123364768703,7077
skunk,dead,living,5.609793588519096,0.02839079243130982,0.15926648535413832,7077
skunk,dead,lively,5.609793588519096,0.014234607806429269,0.07985321160759079,7077
ice,frozen,breaking,5.567964166402817,2.4598225951194763,13.696204065333228,3940
ice,frozen,cracked,5.567964166402817,0.2828983124345541,1.5751676663714256,3940
walrus,male,female,5.51481805741787,4.545416310429573,25.06714394723872,8602
llama,dead,alive,5.495930463075638,0.3626406192779541,1.9930476266383224,4545
llama,dead,living,5.495930463075638,0.017319268954452127,0.0951854978449736,4545
llama,dead,conscious,5.495930463075638,0.0105406747024972,0.05793081519882509,4545
potato,edible,poisonous,5.395612120628357,0.5512114614248276,2.9741232422930697,5961
potato,edible,rotten,5.395612120628357,0.06270684534683824,0.33834181479976827,5961
potato,edible,inedible,5.395612120628357,0.014497067604679613,0.07822055368137802,5961
birdhouse,open,locked,5.314873158931731,0.1328013837337494,0.7058225098754977,594
birdhouse,open,broken,5.314873158931731,0.06204466335475445,0.3297595159191396,594
rim,circular,square,5.203130468726158,0.0899491598829627,0.46801721442336386,6353
rim,circular,triangular,5.203130468726158,0.08578749257139863,0.4463635164338632,6353
rim,circular,pointy,5.203130468726158,0.00011785733704527956,0.0006132271013432223,6353
diaper,wet,dry,5.1412951201200485,3.160042315721512,16.246710137191865,2275
garlic,strong,mild,5.115281417965888,0.5950717721134424,3.0439595782479234,3154
garlic,strong,weak,5.115281417965888,0.34340701531618834,1.7566235242460253,3154
garlic,strong,bland,5.115281417965888,0.1231385045684874,0.6298881042552913,3154
chocolate,hot,chilled,5.030150711536408,0.06425055325962603,0.32318996619551577,1556
umbrella,closed,open,4.978718608617784,2.758375927805901,13.733177561330585,8442
umbrella,closed,used,4.978718608617784,0.5640110000967979,2.808052061647055,8442
umbrella,closed,stretched,4.978718608617784,0.009799761028261857,0.04879025259141466,8442
lego,new,used,4.878954961895944,1.8757076933979988,9.151493357770562,4416
lego,new,old,4.878954961895944,0.20382374059408906,0.9944468505237225,4416
lego,new,worn,4.878954961895944,0.04433317517396063,0.2162995649915973,4416
flip-flop,empty,used,4.863753169775008,2.7105970308184624,13.183674900626022,2916
flip-flop,empty,worn,4.863753169775008,0.08312235586345196,0.4042866218100307,2916
flip-flop,empty,taken,4.863753169775008,0.02877945953514427,0.13997618753846952,2916
coat,grey,blue,4.739629477262497,0.7063808385282755,3.3479834444620145,1701
coat,grey,pink,4.739629477262497,0.2874681260436773,1.3624924039700237,1701
cigarette,smoking,empty,4.722363501787187,2.998458221554756,14.159809667103898,1583
cigarette,smoking,stagnant,4.722363501787187,0.0011783349691540936,0.005564526051212822,1583
cigarette,smoking,smokeless,4.722363501787187,0.0011783349691540936,0.005564526051212822,1583
headrest,adjustable,fixed,4.697282239794732,1.742606796324253,8.18551595531951,3688
mantle,smooth,pointed,4.63949590921402,0.04640500119421631,0.21529581320763827,4692
mantle,smooth,jagged,4.63949590921402,0.001979915214178618,0.009185808536772299,4692
mantle,smooth,spiky,4.63949590921402,0.0006711800779157784,0.003113937225836201,4692
wind chimes,silent,sounding,4.635578393936157,0.29100202955305576,1.3489627207877164,8825
wind chimes,silent,noisy,4.635578393936157,0.052804930601269014,0.24478139538854085,8825
barrel,empty,full,4.632568731904031,0.3458324121311307,1.6020924189176242,362
barrel,empty,overflowing,4.632568731904031,0.005495571895153262,0.025458614525417575,362
barrel,empty,stuffed,4.632568731904031,0.0017888403817778453,0.008286926018991315,362
drink,hot,frozen,4.578809440135956,0.28509905096143484,1.3054142259160197,2466
drink,hot,lukewarm,4.578809440135956,0.0031577033951180056,0.014458522114715683,2466
hula hoop,used,new,4.564591124653816,0.44617424719035625,2.036603008774198,3917
hula hoop,used,pristine,4.564591124653816,0.0028612612368306145,0.013060487646953023,3917
bread,baked,raw,4.562142491340636,0.2648055320605636,1.2080805697555625,872
bread,baked,naked,4.562142491340636,0.004912385338684544,0.022411001887451522,872
bread,baked,uncooked,4.562142491340636,0.0019394752598600464,0.008848162493911441,872
whistle,sounding,broken,4.515758156776427,2.4657271802425385,11.134627626565583,8804
whistle,sounding,quiet,4.515758156776427,0.5315130110830069,2.4001842152308877,8804
torso,naked,covered,4.448029771447182,0.390546815469861,1.7371638623538304,8165
torso,naked,hidden,4.448029771447182,0.10048699332401156,0.44696913794841764,8165
torso,naked,clothed,4.448029771447182,0.09880739962682128,0.4394982551793802,8165
couch,comfortable,uncomfortable,4.433013126254083,1.7784349620342257,7.883825530886903,1994
couch,comfortable,cramped,4.433013126254083,0.06183106452226639,0.27409792063747,1994
couch,comfortable,lumpy,4.433013126254083,1.0818683904290083e-05,4.7959367756511705e-05,1994
contact lens,adjustable,fixed,4.419761151075363,4.1973717510700235,18.55138060200046,1868
contact lens,adjustable,unlovable,4.419761151075363,0.009693780884845179,0.04284419616187568,1868
washcloth,warm,chilled,4.4136159121990195,0.027290373691357672,0.12044922757403372,8626
washcloth,warm,freezing,4.4136159121990195,0.01838705793488771,0.08115341147994565,8626
ski lift,operational,broken,4.305077716708183,0.07647721213288605,0.32924034178925243,7044
ski lift,operational,inoperable,4.305077716708183,0.0014891242244630119,0.006410795516146067,7044
wine,cold,hot,4.292706027626991,2.8507122769951816,12.237269774487482,8854
wine,cold,warm,4.292706027626991,2.5178579613566403,10.808424047424259,8854
wine,cold,unsold,4.292706027626991,0.001205720673169708,0.00517580440135008,8854
fishing pole,removed,present,4.1984923183918,0.6837851367890835,2.8708666442394533,2864
fishing pole,removed,there,4.1984923183918,0.4632635973393917,1.945008654819988,2864
fishing pole,removed,here,4.1984923183918,0.2569885225966573,1.0789643380369232,2864
crown,silver,gold,4.181953892111778,2.2514490410685544,9.415456080187973,2122
crown,silver,bronze,4.181953892111778,1.2336434796452522,5.15904015118078,2122
crown,silver,ivory,4.181953892111778,0.2121537458151579,0.8872171830377924,2122
soap,good,bad,4.157999902963638,0.62425103969872,2.595635762492228,7228
soap,good,contaminated,4.157999902963638,0.02921478298958392,0.12147506483579369,7228
soap,good,harsh,4.157999902963638,0.023884377151262008,0.09931123787729437,7228
tank,operational,broken,4.133854806423187,0.3289977554231882,1.360028952558587,7837
aircraft carrier,nearby,distant,4.028815031051637,0.012433195661287757,0.05009104556420211,54
aircraft carrier,nearby,faraway,4.028815031051637,0.0018089580407831816,0.0072879573452490016,54
lens,circular,square,4.010362923145294,0.4699117504060269,1.884516660978636,4438
cymbal,flat,bumpy,3.9800155907869335,0.015680263459216803,0.06240769303532953,2213
pudding,good,bad,3.979236260056496,0.5299880169332027,2.1089475343760364,6035
pastry,cold,warm,3.95675040781498,0.7837597280740738,3.101141623686049,5442
cigar,smoking,unlit,3.9434071630239487,0.0014247370017983485,0.005618318098316872,1581
prism,convex,concave,3.9222259074449535,0.006395082891685888,0.02508295979802838,6017
mulch,acidic,basic,3.922046720981598,0.007877388998167591,0.030895487690159713,5017
sorbet,edible,spoiled,3.9164911955595016,0.012913036334794016,0.0505737931131607,7298
blinder,open,shut,3.9116349071264263,0.0223024413571693,0.0872390081268435,628
sarcophagus,complete,unfinished,3.9110098034143452,0.9287624619901179,3.6323990938865944,6589
bottle opener,broken,functional,3.901692852377892,0.14945509610697627,0.5831278802320402,746
bottle opener,broken,fixed,3.901692852377892,0.05265208310447633,0.20543225631154208,746
drum,wooden,metal,3.836742043495178,0.18699258798733354,0.7174423241529739,2473
drum,wooden,plastic,3.836742043495178,0.11754970764741304,0.45100790553139625,2473
drum,wooden,glass,3.836742043495178,0.023483902623411268,0.09010167654058872,2473
deer,dead,alive,3.82743701338768,0.19295531092211604,0.7385242989530351,2239
deer,dead,running,3.82743701338768,0.013581333041656762,0.05198169677478218,2239
deer,dead,snorting,3.82743701338768,0.004746948616229929,0.01816864683440786,2239
hair,long,short,3.815249726176262,3.109253942966461,11.862580254515255,3543
electric chair,used,new,3.8087569177150726,2.545790560543537,9.696297408523929,2612
electric chair,used,off,3.8087569177150726,0.02901080006267876,0.11049508542717659,2612
electric chair,used,sediment,3.8087569177150726,1.9338641266131162e-05,7.365618370158724e-05,2612
lamppost,intact,destroyed,3.791074082255364,0.7296424359083176,2.766128528085693,4318
lamppost,intact,down,3.791074082255364,0.15392386121675372,0.5835367608995066,4318
juice,cold,warm,3.787057846784592,1.4067687094211578,5.32751447962443,4142
juice,cold,scalding,3.787057846784592,0.003087047298322432,0.011690826694507142,4142
sand,fine,thick,3.7406910210847855,1.104641426354647,4.132122265083118,6556
sand,fine,big,3.7406910210847855,0.011228826770093292,0.04200357147620445,6556
sand,fine,clumpy,3.7406910210847855,0.0010200097676715814,0.0038155413793478626,6556
slime,edible,inedible,3.694436326622963,0.0028915788789163344,0.010682754051564207,7108
noose,closed,loosened,3.6595471203327183,1.0193084366619587,3.730207254117116,5160
noose,closed,opened,3.6595471203327183,0.4160154610872269,1.5224281826356494,5160
abacus,thick,thin,3.609926998615265,1.2588784098625183,4.544459159736558,7
abacus,thick,fragile,3.609926998615265,0.0905117893125862,0.32674095193248154,7
abacus,thick,breakable,3.609926998615265,0.0019141118173138238,0.006909803927689702,7
police car,stopped,moving,3.5142816603183733,0.14343054499477148,0.5040553338045947,5886
police car,stopped,running,3.5142816603183733,0.08957799291238189,0.3148022976601129,5886
police car,stopped,going,3.5142816603183733,0.050970318261533976,0.17912405468709952,5886
bok choy,nearby,faraway,3.502403199672699,0.5412610713392496,1.895714508116861,681
bok choy,nearby,distant,3.502403199672699,0.02370870643062517,0.08303744926272229,681
pan,hot,freezing,3.441743925213814,0.021548506629187614,0.07416444178843606,5324
brooch,missing,present,3.434702381491661,0.2476923633366823,0.8507495502298005,908
brooch,missing,here,3.434702381491661,0.012812201748602092,0.04400609985807523,908
wand,empty,charged,3.430948778986932,0.1985402312129736,0.681181363859935,8604
wand,empty,empowered,3.430948778986932,0.006139273318694904,0.02106353229664333,8604
petal,pink,black,3.416774421930313,2.636994607746601,9.010015726516746,5570
petal,pink,brown,3.416774421930313,1.0667242109775543,3.6447559993219025,5570
petal,pink,blue,3.416774421930313,0.3491281997412443,1.192892302850461,5570
cheese,sweet,salty,3.4121595323085785,0.4766678437590599,1.6264667268274524,1417
cheese,sweet,sour,3.4121595323085785,0.22305408492684364,0.7610961221034968,1417
cheese,sweet,bitter,3.4121595323085785,0.1369846286252141,0.4674134063432749,1417
desk,clean,messy,3.407924994826317,0.07804302731528877,0.2659647834596856,2255
desk,clean,cluttered,3.407924994826317,2.0208669582189028e-05,6.886963018132828e-05,2255
sorbet,smooth,sharp,3.389666974544525,0.10612771147862077,0.35973759868307076,7297
sorbet,smooth,rough,3.389666974544525,0.051801366498693824,0.1755893812568996,7297
sorbet,smooth,jagged,3.389666974544525,0.001334709577349713,0.0045242209749506036,7297
gel,smooth,sticky,3.3610451966524124,0.8111899718642235,2.726446158506854,3218
gel,smooth,blobby,3.3610451966524124,0.003208605994586833,0.01078426976605621,3218
gel,smooth,lobby,3.3610451966524124,7.050351769066765e-06,2.369655094813169e-05,3218
counter,closed,ready,3.3224619925022125,0.12569832615554333,0.41762791117293946,2006
counter,closed,operational,3.3224619925022125,0.032909834408201284,0.10934167400079031,2006
toe,missing,present,3.314020857214928,1.6350472345948217,5.418580637978828,8086
inkwell,empty,full,3.28826941549778,0.5236682947725058,1.7219624375663065,4012
inkwell,empty,overflowing,3.28826941549778,0.0260438013356179,0.08563903539521257,4012
soy sauce,sweet,bitter,3.275630623102188,0.5041457246989012,1.651395174329766,7320
soy sauce,sweet,salty,3.275630623102188,0.29323259368538857,0.9605216635675401,7320
soy sauce,sweet,sour,3.275630623102188,0.2229397650808096,0.7302683216059078,7320
skateboard,free,expensive,3.24210487306118,0.09142073686234653,0.29639561648025753,7028
skateboard,free,valuable,3.24210487306118,0.005134638922754675,0.01664703787287254,7028
skateboard,free,costly,3.24210487306118,0.004551029996946454,0.014754916530547706,7028
penholder,open,closed,3.212851285934448,2.6350945234298706,8.46616682816048,5518
papaya,sweet,bitter,3.207539767026901,0.10631351033225657,0.34100481216293826,5373
papaya,sweet,unripe,3.207539767026901,0.0416805618442595,0.13369205962748645,5373
papaya,sweet,rotten,3.207539767026901,0.0270259304670617,0.0866867467140043,5373
mold,empty,broken,3.2063141465187077,0.5137879401445389,1.647365540796142,4889
mold,empty,full,3.2063141465187077,0.06412936490960419,0.20561888991692434,4889
mold,empty,occupied,3.2063141465187077,0.03792082134168595,0.12158606591545619,4889
float,closed,open,3.1908724457025532,1.8496161326766007,5.901889152884683,2928
float,closed,unlocked,3.1908724457025532,0.06311546312645078,0.2013933921879473,2928
float,closed,unfastened,3.1908724457025532,0.007238957186928019,0.02309858902338908,2928
thermos,hot,freezing,3.160671144723892,0.02115207462338731,0.06685475191318677,7974
thermos,hot,lukewarm,3.160671144723892,0.00474573316751048,0.01499970188310949,7974
tool,wooden,steel,3.1502533704042435,0.4918455611914396,1.5494381368616992,8137
tool,wooden,aluminum,3.1502533704042435,0.18683526432141664,0.5885784211389105,8137
tool,wooden,titanium,3.1502533704042435,0.07869168766774237,0.24789875429810346,8137
thorn,sharp,dull,3.128775581717491,0.13739728601649406,0.4298852734826607,7989
battery,empty,full,3.123216889798641,0.8870613761246204,2.7704850722004397,441
calf,dead,alive,3.1211221590638165,0.5210064351558685,1.6261247297798267,1104
calf,dead,living,3.1211221590638165,0.005567780681303702,0.01737772366122442,1104
iron,brittle,hard,3.1009094789624214,1.2258617207407951,3.8012862297423164,4032
buffet,open,shut,3.084019012749195,0.011743397044483572,0.03621685975945004,964
milk,sweet,sour,3.071063570678234,0.6525772623717785,2.004106257522901,4845
milk,sweet,tart,3.071063570678234,0.006201219366630539,0.0190443388906434,4845
milk,sweet,savory,3.071063570678234,0.006201219366630539,0.0190443388906434,4845
crayfish,rare,abundant,3.0590172857046127,1.3933521695435047,4.262288371707605,2048
crayfish,rare,common,3.0590172857046127,0.8056681603193283,2.4645528289586602,2048
crayfish,rare,everywhere,3.0590172857046127,0.017971899069380015,0.05497634991017211,2048
pill,safe,dangerous,3.0589815229177475,0.17570550553500652,0.5374798949065069,5668
pill,safe,risky,3.0589815229177475,0.02194412372773513,0.06712666901976268,5668
pill,safe,untested,3.0589815229177475,0.002004716407100205,0.00613239044800958,5668
hammock,solid,loose,3.050278127193451,0.2443403471261263,0.7453060164296782,3585
barrel,wooden,steel,3.0316296964883804,0.9557207114994526,2.8973912905307446,372
barrel,wooden,plastic,3.0316296964883804,0.2343634841963649,0.7105032984621851,372
barrel,wooden,aluminum,3.0316296964883804,0.1808470697142184,0.5482613470685289,372
fruitcake,edible,poisonous,3.0191797763109207,0.21588208619505167,0.651786828707911,3086
fruitcake,edible,unpalatable,3.0191797763109207,0.018974347040057186,0.05728696485204564,3086
fruitcake,edible,inedible,3.0191797763109207,0.018974347040057186,0.05728696485204564,3086
handlebar,rounded,straight,2.9757490381598477,1.945207640528679,5.788449765324403,3625
handlebar,rounded,flat,2.9757490381598477,1.6994157806038857,5.057034874565679,3625
moth,migratory,stationary,2.9599372297525406,0.0689651700668037,0.20413257443694777,4946
moth,migratory,home,2.9599372297525406,0.002660277095856145,0.007874253217482571,4946
moth,migratory,embedded,2.9599372297525406,0.0008071542652032804,0.002389125959728745,4946
limousine,ready,unprepared,2.939790673553944,0.00035670150282385293,0.0010486277512442388,4513
ice cube,frozen,melted,2.9261773452162743,1.1473461054265501,3.357338180821294,3957
ice cube,frozen,watery,2.9261773452162743,0.005488626266014761,0.016060693835971387,3957
sling,closed,used,2.9175790026783943,1.2496973387897017,3.6460907153559012,7115
sling,closed,destroyed,2.9175790026783943,0.10060291970148684,0.2935169661291986,7115
parsley,sweet,bitter,2.9145196080207825,0.3689486067742109,1.075307948795387,5433
parsley,sweet,nonsweet,2.9145196080207825,0.015911470109131187,0.04637429162549943,5433
parsley,sweet,soured,2.9145196080207825,0.015911470109131187,0.04637429162549943,5433
dish,sweet,bland,2.9086494818329816,0.4656906705349684,1.3545309275459896,2297
dish,sweet,salty,2.9086494818329816,0.39910185150802135,1.1608473935873898,2297
dish,sweet,sour,2.9086494818329816,0.048852525651454926,0.14209487342233681,2297
diskette,plastic,metal,2.8446923941373825,0.4730341956019402,1.3456367783957341,2321
diskette,plastic,steel,2.8446923941373825,0.13378396397456527,0.3805742247759954,2321
diskette,plastic,wood,2.8446923941373825,0.1147337956354022,0.32638235579454145,2321
radio,working,broken,2.8144601732492447,1.5181759372353554,4.272845711334253,6163
radio,working,inoperable,2.8144601732492447,0.0002510187869120273,0.0007064823785012395,6163
radio,working,trashed,2.8144601732492447,0.0002510187869120273,0.0007064823785012395,6163
pantyhose,smooth,scratchy,2.7914619073271747,0.011770203127525749,0.0328560736719913,5363
pantyhose,smooth,jagged,2.7914619073271747,0.004545117553789169,0.012687522515726536,5363
pantyhose,smooth,rugged,2.7914619073271747,0.0014813871530350298,0.004135235807701137,5363
kettle,hot,lukewarm,2.788269892334938,0.000749202581573627,0.0020889790014613544,4209
dart,sharp,dull,2.7831770479679108,0.5777021870017052,1.6078474674240117,2230
dart,sharp,blunt,2.7831770479679108,0.5027520470321178,1.399247958118674,2230
mouth,full,empty,2.781841903924942,0.598148675635457,1.6639550506599223,4975
mongoose,dead,alive,2.7677280828356743,0.3046332160010934,0.8431419068907721,4914
mongoose,dead,living,2.7677280828356743,0.017139378178399056,0.04743713830669601,4914
mongoose,dead,existing,2.7677280828356743,0.00028578774617926683,0.0007909827708306705,4914
glue,dry,wet,2.759079448878765,0.6263770628720522,1.7282240814193213,3289
glue,dry,runny,2.759079448878765,0.003013632522197441,0.008314851558467638,3289
glue,dry,moody,2.759079448878765,0.0005964591309748357,0.0016456781303687568,3289
rocket,empty,full,2.75554358959198,0.08125815074890852,0.22391037639825362,6399
beer,sweet,bitter,2.754221297800541,0.8709772489964962,2.398864089085875,517
beer,sweet,sour,2.754221297800541,0.4643630236387253,1.2789585296168333,517
beer,sweet,spoiled,2.754221297800541,0.04078378260601312,0.11232756265834858,517
chocolate,good,bad,2.7534501627087598,0.3786017186939716,1.0424609639397322,1551
chocolate,good,awful,2.7534501627087598,0.05376975168474018,0.14805233152515745,1551
chocolate,good,rotten,2.7534501627087598,0.03847347688861191,0.10593480119892018,1551
exerciser,blind,sighted,2.74921040982008,0.0660513702314347,0.18158911462314042,2647
exerciser,blind,seeing,2.74921040982008,0.0005484005669131875,0.0015076685473089683,2647
mandolin,standard,professional,2.7147740125656132,0.007585846469737589,0.020593858859356207,4668
mandolin,standard,octave,2.7147740125656132,0.0068479101173579675,0.01859052842698855,4668
bowling ball,used,new,2.708298154175281,0.16406853683292866,0.4443465154628598,797
bowling ball,used,smooth,2.708298154175281,0.10484610684216022,0.2839545176330868,797
bowling ball,used,shiny,2.708298154175281,0.010045005910797043,0.02720487096689142,797
poodle,dead,alive,2.6885075494647026,0.28830040246248245,0.7750978085340963,5917
poodle,dead,lively,2.6885075494647026,0.013908727851230651,0.037393719831483575,5917
poodle,dead,living,2.6885075494647026,0.010397285223007202,0.027953179815992657,5917
firewood,clean,dirty,2.6847509667277336,0.1202326500788331,0.3227947235313845,2828
hippopotamus,dead,healthy,2.678818255662918,0.017480886890552938,0.0468281189275918,3741
hippopotamus,dead,happy,2.678818255662918,0.010080783977173269,0.02700458814944599,3741
hippopotamus,dead,lively,2.678818255662918,0.0034775071981130172,0.009315609766504354,3741
donut,hot,stale,2.639062702655792,0.4910739604383707,1.29597497323837,2374
donut,hot,old,2.639062702655792,0.09918027790263297,0.26174297225187504,2374
wine bottle,full,hollow,2.6293300092220298,0.008887636795407161,0.023368530137229962,8864
roulette wheel,fixed,fair,2.6184352114796643,0.0073833180067595094,0.01933273984645095,6483
lanyard,solid,fragile,2.611471153795719,0.07281849975697696,0.1901634115780259,4335
lanyard,solid,flimsy,2.611471153795719,0.0043342057324480265,0.011318653244904067,4335
lanyard,solid,breakable,2.611471153795719,0.0043342057324480265,0.011318653244904067,4335
bedpan,open,closed,2.6105448603630066,1.8689105287194248,4.878874775226803,494
bedpan,open,shut,2.6105448603630066,0.029849371640011668,0.07792312371989775,494
bedpan,open,plugged,2.6105448603630066,0.0075446892878971985,0.019695749843555863,494
globe,round,square,2.6096355170011516,0.29008742421865463,0.7570224452763812,3276
globe,round,pointed,2.6096355170011516,0.08340438944287598,0.21765505696392506,3276
globe,round,triangular,2.6096355170011516,0.053233979269862175,0.13892128301393536,3276
clove,edible,poisonous,2.590492181479932,0.6077711004763842,1.5744262839135275,1677
clove,edible,toxic,2.590492181479932,0.17791775753721595,0.4608945598466002,1677
clove,edible,deadly,2.590492181479932,0.011182592425029723,0.028968418245716214,1677
squirt gun,used,new,2.587234601378441,1.4579130336642263,3.771963046496698,7449
plaster cast,complete,fragile,2.57926844060421,0.04770497907884419,0.12304394699774691,5781
plaster cast,complete,wet,2.57926844060421,0.003575109076336957,0.00922116601231358,5781
beard,short,long,2.569686435163021,1.4870488084852695,3.8212491515899303,475
beard,short,overgrown,2.569686435163021,0.052713765762746334,0.13545784882689013,475
beard,short,uncut,2.569686435163021,0.0005411705387814436,0.0013906385926165392,475
leg,solid,hollow,2.546676993370056,0.15856772661209104,0.40382078125400506,4409
leg,solid,shaky,2.546676993370056,0.01903797383420169,0.04848356996394256,4409
leg,solid,flimsy,2.546676993370056,0.005489078466780486,0.013978909846152847,4409
chili,hot,mild,2.5458542630076413,0.3792926436290145,0.9656237937103647,1499
chessboard,empty,covered,2.5423334911465645,1.4152799732983112,3.5981136754653122,1444
chessboard,empty,full,2.5423334911465645,1.0480058379471302,2.664380340730108,1444
chessboard,empty,set,2.5423334911465645,0.1734043937176466,0.4408517976603379,1444
rhubarb,smooth,coarse,2.5185585021972656,0.06932515534572302,0.17459945941211694,6322
rhubarb,smooth,rough,2.5185585021972656,0.0397740921471268,0.1001733779443237,6322
rhubarb,smooth,scratchy,2.5185585021972656,0.008294590224977583,0.02089041073335962,6322
soup,sweet,bitter,2.456853538751602,0.4224531818181276,1.0379055947067408,7314
soup,sweet,sour,2.456853538751602,0.22939692717045546,0.5635946522974771,7314
soup,sweet,rotten,2.456853538751602,0.03629418497439474,0.08916949679044694,7314
telescope,functional,broken,2.448623068630696,0.2880602842196822,0.7053510570966287,7937
telescope,functional,bent,2.448623068630696,0.025031119002960626,0.06129177542428957,7937
telescope,functional,crushed,2.448623068630696,0.0010145417945750523,0.0024842304422864575,7937
screen,dark,lit,2.446872368454933,0.2225882839411497,0.5446451215174002,6726
screen,dark,bright,2.446872368454933,0.19835454877465966,0.48534826455406105,6726
screen,dark,colourful,2.446872368454933,0.00030312301078083687,0.0007417033193224965,6726
windsock,open,shut,2.399368397891521,0.06912514218129218,0.1658566816495506,8850
windsock,open,encased,2.399368397891521,0.0006813413619966012,0.0016347889321510118,8850
honeycomb,uniform,scrambled,2.380949631333351,0.010210344771621749,0.024310316619779213,3789
wick,dry,wet,2.36554779112339,0.10789134539663793,0.2552221337843476,8820
wick,dry,gone,2.36554779112339,0.09823759319260716,0.23238572158205006,8820
wick,dry,submerged,2.36554779112339,0.05756496684625745,0.1361726801692555,8820
brush,soft,rough,2.3531133309006687,0.9556242264807224,2.2486921066634276,919
brush,soft,coarse,2.3531133309006687,0.7225244771689177,1.700181979128216,919
shortbread,baked,raw,2.331286482512952,0.07318686111830175,0.1706195400226496,6921
shortbread,baked,uncooked,2.331286482512952,0.010945230314973742,0.025516467481289263,6921
mashed potato,served,trashed,2.3115964606404305,0.01668357290327549,0.03856568807404821,4739
mashed potato,served,undone,2.3115964606404305,8.648985954096133e-05,0.00019992965319617418,4739
combination lock,open,shut,2.2905062884092326,0.15211800346150994,0.34842724350884596,1823
hammer,heavy,light,2.2884970530867577,0.28274692595005035,0.6470655068060299,3580
ice,solid,cracking,2.279872260987758,0.9330363012850283,2.127203581794353,3942
ice,solid,flimsy,2.279872260987758,0.0003840291810774944,0.0008755374773484244,3942
hairnet,new,old,2.2717654705047607,0.6454199086874723,1.4662426625325353,3554
hairnet,new,used,2.2717654705047607,0.2479366259649396,0.5632538657406039,3554
hairnet,new,ancient,2.2717654705047607,0.04022428474854678,0.09138014116749985,3554
candle,flickering,unlit,2.2708641365170483,0.0002179888724640477,0.0004950231126383946,1160
plaster cast,intact,damaged,2.266774326562881,0.801583006978035,1.8170077808268843,5774
plaster cast,intact,destroyed,2.266774326562881,0.39395103231072426,0.8929980859648937,5774
plaster cast,intact,broken,2.266774326562881,0.2210849430412054,0.5011496728754213,5774
fire,going,doused,2.2512754425406456,0.0010677928912627976,0.0024038959138194104,2783
pie,hot,cool,2.2437527775764465,0.2237127162516117,0.5019560284687252,5629
pie,hot,lukewarm,2.2437527775764465,0.016389944357797503,0.03677498317713156,5629
waterwheel,functional,defective,2.214350365102291,0.13659166870638728,0.30246181146991985,8696
waterwheel,functional,broken,2.214350365102291,0.09083754266612233,0.20114614576772294,8696
waterwheel,functional,inoperable,2.214350365102291,0.001954260551428888,0.004327417565561563,8696
yolk,edible,unappealing,2.1822577342391014,0.007806015491951256,0.01703473768090087,9008
yolk,edible,inedible,2.1822577342391014,0.007806015491951256,0.01703473768090087,9008
yolk,edible,unappetizing,2.1822577342391014,0.007806015491951256,0.01703473768090087,9008
viewfinder,automatic,manual,2.178627997636795,1.6383439302444458,3.569341956188854,8526
birthday cake,eaten,there,2.1631147712469097,0.3848888911306858,0.8325588456936301,601
birthday cake,eaten,uneaten,2.1631147712469097,0.0074952477007173,0.016213081015576027,601
birthday cake,eaten,inedible,2.1631147712469097,0.0074952477007173,0.016213081015576027,601
bubble wrap,plastic,solid,2.1560665220022197,0.42648022063076496,0.9195197259981127,940
